"","uniqID","rsID","chr","pos","non_effect_allele","effect_allele","MAF","nearestGene","func","CADD","RDB","gwasP_Alcohol","beta_Alcohol","se_Alcohol","gwasP_T2D","beta_T2D","se_T2D","p.placo"
"1","10:114612972:C:T","rs1547191",10,114612972,"T","C",0.2256,"RP11-57H14.4","intergenic",1.944,"4",0.01083,0.0661996407142037,0.026,5.584e-16,0.0602,0.0074,4.00183557249698e-08
"2","10:114618929:A:C","rs2475177",10,114618929,"A","C",0.1988,"RP11-57H14.3","intergenic",14.26,NA,0.004397,0.0753022587095424,0.0264,5.26e-16,0.0628,0.0077,6.11475626299203e-09
"3","10:114635381:C:T","rs1927157",10,114635381,"C","T",0.2107,"RP11-57H14.3","intergenic",0.51,NA,0.003061,0.0770999203808484,0.026,7.807e-17,-0.0637,0.0076,1.79336712367142e-09
"4","10:114893682:G:T","rs10885417",10,114893682,"G","T",0.2893,"TCF7L2","intronic",1.908,"3a",0.004508,-0.0754026560491867,0.0266,1.403e-14,0.0556,0.0072,1.56548999956673e-08
"5","17:65832390:A:G","rs7221651",17,65832390,"G","A",0.2167,"BPTF","intronic",0.79,"4",0.0001039,0.10509848132983,0.0271,3.59e-10,0.0499,0.008,2.33969435496687e-09
"6","17:65832576:A:G","rs12452511",17,65832576,"A","G",0.2157,"BPTF","intronic",15.96,"2b",0.0001077,0.10499945048164,0.0271,3.59e-10,-0.0499,0.008,2.43126505875848e-09
"7","17:65835470:G:T","rs11079706",17,65835470,"G","T",0.2147,"BPTF","intronic",6.919,"7",0.0001146,0.104504149080618,0.0271,7.376e-10,0.049,0.008,3.66500364267092e-09
"8","17:65835617:A:G","rs11079707",17,65835617,"G","A",0.2147,"BPTF","intronic",1.101,"7",0.0001163,0.104396050710996,0.0271,4.57e-10,0.0496,0.008,2.97931222604627e-09
"9","17:65838743:G:T","rs8074078",17,65838743,"T","G",0.2167,"BPTF","intronic",5.316,"6",0.0001249,0.10380130071374,0.0271,4.57e-10,-0.0496,0.008,3.24649368356141e-09
"10","17:65841318:C:T","rs2365468",17,65841318,"C","T",0.2167,"BPTF","intronic",2.573,"7",0.0001142,0.104396050710996,0.0271,3.59e-10,0.0499,0.008,2.61274162024058e-09
"11","17:65847325:A:G","rs7212293",17,65847325,"A","G",0.2157,"BPTF","intronic",0.092,"5",0.0001229,0.103900450280944,0.0271,3.891e-10,-0.0498,0.008,2.95945166742778e-09
"12","17:65849927:G:T","rs2046323",17,65849927,"T","G",0.2147,"BPTF","intronic",5.171,"5",0.0001248,0.103900450280944,0.0271,4.951e-10,-0.0495,0.008,3.34695972381496e-09
"13","17:65857177:C:T","rs2128792",17,65857177,"C","T",0.2147,"BPTF","intronic",0.04,"5",0.0001275,0.10380130071374,0.0271,3.891e-10,0.0498,0.008,3.08983097939649e-09
"14","17:65870073:C:T","rs12602912",17,65870073,"C","T",0.2147,"BPTF","intronic",2.063,"5",0.0001237,0.103999590018485,0.0271,3.891e-10,0.0498,0.008,2.97366192338898e-09
"15","17:65871559:A:G","rs9890629",17,65871559,"G","A",0.2167,"BPTF","intronic",8.88,"5",0.0001419,0.102998728833718,0.0271,2.816e-10,0.0502,0.008,3.01657225329088e-09
"16","17:65871598:A:G","rs12451707",17,65871598,"G","A",0.2147,"BPTF","intronic",9.296,"5",0.0001543,0.102502435234291,0.0271,4.217e-10,0.0497,0.008,4.00707759473425e-09
"17","17:65879592:G:T","rs9897982",17,65879592,"G","T",0.2167,"BPTF","intronic",0.038,"7",0.0001215,0.103999590018485,0.0271,4.951e-10,0.0495,0.008,3.25267546793694e-09
"18","17:65881959:A:G","rs3935969",17,65881959,"A","G",0.2167,"BPTF","intronic",0.881,NA,0.0001106,0.104702299080816,0.0271,4.57e-10,-0.0496,0.008,2.81353519879216e-09
"19","17:65882172:A:G","rs4318247",17,65882172,"A","G",0.2147,"BPTF","intronic",14.14,NA,0.0001295,0.103702141314926,0.0271,4.951e-10,-0.0495,0.008,3.51021980629251e-09
"20","17:65885171:C:T","rs7208663",17,65885171,"T","C",0.2167,"BPTF","intronic",2.502,"7",0.0001209,0.104098719928313,0.0271,4.57e-10,-0.0496,0.008,3.12490615639787e-09
"21","17:65886048:C:T","rs6504548",17,65886048,"T","C",0.2177,"BPTF","intronic",1.64,"7",0.0001366,0.103296386808865,0.0271,4.217e-10,-0.0497,0.008,3.47152934763723e-09
"22","17:65887622:A:G","rs8079291",17,65887622,"A","G",0.2147,"BPTF","intronic",0.799,"5",0.0001294,0.103702141314926,0.0271,5.364e-10,-0.0494,0.008,3.62921190090697e-09
"23","17:65887896:A:G","rs8079754",17,65887896,"A","G",0.2147,"BPTF","intronic",8.18,"4",0.000119,0.104296950272621,0.0271,3.891e-10,-0.0498,0.008,2.84818987264021e-09
"24","17:65898809:A:G","rs7216064",17,65898809,"G","A",0.2137,"BPTF","intronic",3.47,"5",0.0001697,0.102096193551016,0.0271,1.873e-10,0.0507,0.008,3.13615003950289e-09
"25","17:65938655:A:G","rs8071463",17,65938655,"A","G",0.2177,"BPTF","intronic",0.575,"5",9.516e-05,0.105503505434301,0.027,3.59e-10,-0.0499,0.008,2.10528826555162e-09
"26","17:65940727:A:G","rs6504555",17,65940727,"G","A",0.2177,"BPTF","intronic",6.66,"6",9.747e-05,0.105395515045341,0.0271,5.364e-10,0.0494,0.008,2.61462594627149e-09
"27","17:65944515:A:C","rs11870068",17,65944515,"A","C",0.2157,"BPTF","intronic",3.071,"5",0.0001415,0.102998728833718,0.0271,2.032e-10,-0.0506,0.008,2.59513261469593e-09
"28","17:65945840:A:G","rs7223813",17,65945840,"A","G",0.2157,"BPTF","intronic",5.997,"5",0.0001592,0.102303848807923,0.0271,3.311e-10,-0.05,0.008,3.74097761530188e-09
"29","17:65947640:A:G","rs12449442",17,65947640,"G","A",0.2177,"BPTF:RP11-855A2.3","ncRNA_exonic",0.013,"5",9.859e-05,0.10490040982537,0.0269,2.383e-09,0.0475,0.008,5.40838482271351e-09
"30","19:46157004:C:T","rs10408179",19,46157004,"T","C",0.4533,"RN7SL836P","intergenic",2.921,"4",0.01905,-0.0651040143320462,0.0278,1.312e-18,0.059,0.0067,3.95897794688399e-08
